id,prediction
1,A D E
2,B C A
3,B D E
4,E C A
5,C D A
6,D A B
7,E D A
8,B E C
9,C D A
10,B D E
11,A B C
12,D E C
13,C B A
14,C B E
15,E D B
16,A C B
17,E D B
18,B D E
19,A C E
20,D B C
21,B E D
22,D C A
23,D E A
24,E C B
25,D C B
26,E D A
27,E D A
28,C E A
29,B A E
30,A D E
31,E C A
32,C B E
33,D E C
34,C E D
35,A C B
36,C A B
37,C E D
38,C B A
39,B E C
40,C E A
41,A B C
42,E D A
43,B A D
44,A B C
45,D B E
46,B A C
47,D B E
48,A D E
49,B E A
50,C D B
51,D A E
52,A C B
53,C D A
54,C D A
55,B C D
56,B D E
57,B C E
58,A D B
59,A C B
60,C E D
61,C B E
62,A D E
63,A D E
64,C B D
65,E A C
66,E A B
67,C E D
68,B D C
69,E A C
70,C B D
71,C E D
72,D C A
73,A C D
74,D B C
75,C A D
76,A D B
77,C B E
78,D E B
79,D B E
80,C D A
81,B C E
82,B D C
83,B C E
84,B C A
85,E D B
86,B D C
87,B E A
88,E C A
89,E C A
90,C E A
91,B C D
92,B A D
93,C D B
94,D C B
95,E D B
96,B E A
97,B C E
98,B C A
99,C E A
100,B E D
101,E B D
102,D C B
103,E B C
104,D C B
105,D C E
106,C A B
107,A C D
108,D C B
109,E D A
110,E D B
111,D C B
112,D B E
113,E D B
114,E A D
115,B E C
116,A B E
117,C B A
118,A C D
119,C D E
120,B D E
121,C B E
122,D E B
123,C A E
124,A D E
125,D C B
126,D C E
127,C D A
128,B A C
129,B D C
130,D E B
131,E A C
132,B C A
133,D E A
134,D E B
135,C B E
136,C B E
137,B D C
138,E A D
139,E A D
140,B C E
141,C D E
142,C D B
143,D E B
144,E C B
145,D B C
146,B E D
147,C A B
148,A B E
149,B A D
150,E A B
151,B C E
152,B D C
153,A B E
154,E B A
155,B D E
156,D E B
157,C D E
158,D C B
159,C D A
160,B E D
161,C E D
162,D B A
163,E C A
164,C E B
165,A D B
166,E D B
167,A E C
168,D B A
169,B A C
170,A D E
171,A D E
172,C A E
173,C D B
174,D C B
175,D A B
176,E C B
177,C D E
178,A D E
179,C A B
180,A D B
181,E C D
182,C E D
183,B C A
184,B D E
185,C D E
186,E B A
187,D A B
188,E C A
189,C B E
190,E D A
191,D B C
192,C E D
193,C B E
194,E A B
195,D C E
196,B D A
197,B D C
198,B E C
199,A C B
200,C D A
201,E B A
202,A B C
203,B E A
204,D C E
205,B C D
206,C D A
207,A C D
208,D B C
209,B A D
210,A B D
211,B A E
212,A B C
213,C D E
214,C E B
215,C A E
216,C D E
217,B C E
218,C B A
219,A B C
220,D B C
221,B C E
222,D E B
223,E A C
224,B C E
225,A C D
226,C E A
227,D C E
228,C D E
229,B A C
230,A E B
231,D B C
232,D E A
233,C A B
234,A C D
235,A D B
236,B D E
237,A B E
238,A D C
239,B C E
240,D C B
241,E C D
242,A B D
243,B E C
244,B E A
245,A B C
246,B D E
247,A C E
248,E A B
249,E A C
250,D C A
251,A B E
252,B C E
253,C E A
254,D B A
255,A B E
256,C D E
257,B E C
258,C E A
259,C A D
260,D A E
261,E C A
262,A B C
263,B D E
264,C B E
265,A D B
266,A D E
267,D E B
268,D E B
269,B D C
270,B E C
271,C B A
272,C A E
273,D C A
274,A E B
275,E A D
276,B E A
277,E A B
278,D A C
279,B D C
280,D E B
281,D B E
282,B A C
283,A C B
284,B D E
285,E D B
286,A D B
287,B A D
288,E D B
289,E C D
290,B E C
291,B C A
292,D B C
293,D C A
294,D E A
295,A D C
296,C E A
297,D E C
298,D B A
299,C A B
300,E D B
301,B E A
302,C B A
303,B D E
304,C D B
305,E C A
306,B A C
307,B E A
308,C B E
309,E C A
310,A D C
311,C B A
312,C B E
313,C D B
314,A B D
315,C E D
316,B E C
317,A C D
318,D B C
319,C A D
320,B C A
321,B D E
322,D B C
323,A B D
324,A B E
325,E D B
326,E D A
327,D B C
328,B D E
329,C E D
330,B D C
331,A C B
332,C B A
333,B A D
334,E B A
335,B C A
336,B A E
337,E C D
338,D C B
339,D E B
340,C B D
341,E D C
342,B D E
343,D B C
344,A B C
345,C D A
346,C D B
347,D C A
348,A D E
349,B E D
350,A D C
351,D C A
352,B D C
353,D E A
354,E A D
355,B C D
356,D E B
357,D C B
358,B D C
359,C B A
360,E B C
361,D B E
362,B C A
363,C B A
364,B E D
365,C A D
366,E A B
367,E A C
368,C E B
369,B E C
370,D B A
371,D B C
372,C D E
373,B D C
374,E B A
375,E D C
376,B E A
377,C A B
378,A C E
379,C A B
380,E A C
381,E B D
382,D A B
383,C E B
384,B C A
385,A D E
386,A D B
387,B C A
388,B A C
389,D A C
390,E A D
391,B C A
392,C A B
393,C B A
394,B C A
395,A E B
396,A D E
397,C E A
398,E A C
399,E A C
400,E C B
401,D B C
402,D C B
403,A E C
404,B D A
405,C B A
406,B D E
407,B D E
408,C A D
409,C B D
410,A C D
411,E C B
412,C D A
413,C A E
414,C A D
415,E D B
416,C A D
417,B E A
418,D B E
419,A C D
420,E D A
421,A B D
422,D E A
423,A D E
424,B A E
425,C A D
426,C D E
427,C B E
428,C E B
429,D B C
430,C D A
431,C D A
432,B D C
433,D B E
434,C D A
435,C E A
436,D E B
437,E B C
438,A C E
439,D C B
440,C E D
441,E C A
442,D C B
443,E D B
444,B E C
445,B E C
446,B C D
447,C E B
448,E B D
449,B A C
450,E D B
451,D E A
452,B A D
453,A D E
454,B C A
455,A B C
456,B D E
457,D C B
458,B E C
459,A C D
460,A D E
461,A C D
462,D E C
463,D C A
464,E D B
465,E C D
466,D B C
467,D C E
468,E B A
469,C D B
470,A D C
471,C B E
472,A C D
473,C D E
474,E B D
475,A C E
476,E A C
477,A C E
478,B E A
479,B D A
480,B D A
481,A E C
482,D B A
483,A C D
484,D C E
485,C D B
486,B A E
487,A D C
488,E A D
489,B D C
490,B D C
491,C D A
492,D C B
493,D B A
494,D C A
495,A C E
496,A E C
497,C D E
498,B D C
499,E B A
500,C A D
